﻿<BotManager>
  <AllowTrials>false</AllowTrials>
  <AutoCreateAccounts>true</AutoCreateAccounts>
  <WmrPurse>R113034860117</WmrPurse>
  <WowDelay>0</WowDelay>
  <HBDelay>3</HBDelay>
  <LoginDelay>0</LoginDelay>
  <UseDarkStyle>true</UseDarkStyle>
  <CheckRealmStatus>false</CheckRealmStatus>
  <CheckHbResponsiveness>true</CheckHbResponsiveness>
  <CheckWowResponsiveness>false</CheckWowResponsiveness>
  <MinimizeHbOnStart>false</MinimizeHbOnStart>
  <AutoUpdateHB>true</AutoUpdateHB>
  <AutoAcceptTosEula>false</AutoAcceptTosEula>
  <SetGameWindowTitle>false</SetGameWindowTitle>
  <GameWindowTitle></GameWindowTitle>
  <WowVersion>6.2.4.21742</WowVersion>
  <LuaStateOffset>13627880</LuaStateOffset>
  <CharacterProfiles>
    <CharacterProfile>
      <Settings>
        <ProfileName>Horde-1</ProfileName>
        <IsEnabled>true</IsEnabled>
        <WowSettings>
          <CharacterName>Blood</CharacterName>
          <Faction>Horde</Faction>
          <ServerName>Draenor</ServerName>
          <Region>EU</Region>
          <WowPath>C:\World of Warcraft\Wow.exe</WowPath>
          <WowWindowWidth>320</WowWindowWidth>
          <WowWindowHeight>200</WowWindowHeight>
          <WowWindowX>0</WowWindowX>
          <WowWindowY>0</WowWindowY>
          <Params></Params>
        </WowSettings>
      </Settings>
    </CharacterProfile>
    <CharacterProfile>
      <Settings>
        <ProfileName>Horde-2</ProfileName>
        <IsEnabled>true</IsEnabled>
        <WowSettings>
          <CharacterName>Frons</CharacterName>
          <Faction>Horde</Faction>
          <ServerName>Twisting Nether</ServerName>
          <Region>EU</Region>
          <WowPath>C:\World of Warcraft\Wow.exe</WowPath>
          <WowWindowWidth>320</WowWindowWidth>
          <WowWindowHeight>200</WowWindowHeight>
          <WowWindowX>320</WowWindowX>
          <WowWindowY>0</WowWindowY>
          <Params></Params>
        </WowSettings>
      </Settings>
    </CharacterProfile>
    <CharacterProfile>
      <Settings>
        <ProfileName>Horde-3</ProfileName>
        <IsEnabled>true</IsEnabled>
        <WowSettings>
          <CharacterName>Tlien</CharacterName>
          <Faction>Horde</Faction>
          <ServerName>Kazzak</ServerName>
          <Region>EU</Region>
          <WowPath>C:\World of Warcraft\Wow.exe</WowPath>
          <WowWindowWidth>320</WowWindowWidth>
          <WowWindowHeight>200</WowWindowHeight>
          <WowWindowX>640</WowWindowX>
          <WowWindowY>0</WowWindowY>
          <Params></Params>
        </WowSettings>
      </Settings>
    </CharacterProfile>
    <CharacterProfile>
      <Settings>
        <ProfileName>Horde-4</ProfileName>
        <IsEnabled>true</IsEnabled>
        <WowSettings>
          <CharacterName>Andru</CharacterName>
          <Faction>Horde</Faction>
          <ServerName>Tarren Mill</ServerName>
          <Region>EU</Region>
          <WowPath>C:\World of Warcraft\Wow.exe</WowPath>
          <WowWindowWidth>320</WowWindowWidth>
          <WowWindowHeight>200</WowWindowHeight>
          <WowWindowX>960</WowWindowX>
          <WowWindowY>0</WowWindowY>
          <Params></Params>
        </WowSettings>
      </Settings>
    </CharacterProfile>
    <CharacterProfile>
      <Settings>
        <ProfileName>Horde-5</ProfileName>
        <IsEnabled>true</IsEnabled>
        <WowSettings>
          <CharacterName>Chack</CharacterName>
          <Faction>Horde</Faction>
          <ServerName>Ragnaros</ServerName>
          <Region>EU</Region>
          <WowPath>C:\World of Warcraft\Wow.exe</WowPath>
          <WowWindowWidth>320</WowWindowWidth>
          <WowWindowHeight>200</WowWindowHeight>
          <WowWindowX>1280</WowWindowX>
          <WowWindowY>0</WowWindowY>
          <Params></Params>
        </WowSettings>
      </Settings>
    </CharacterProfile>
    <CharacterProfile>
      <Settings>
        <ProfileName>Horde-6</ProfileName>
        <IsEnabled>true</IsEnabled>
        <WowSettings>
          <CharacterName>Lofu</CharacterName>
          <Faction>Horde</Faction>
          <ServerName>Blackhand</ServerName>
          <Region>EU</Region>
          <WowPath>C:\World of Warcraft\Wow.exe</WowPath>
          <WowWindowWidth>320</WowWindowWidth>
          <WowWindowHeight>200</WowWindowHeight>
          <WowWindowX>1600</WowWindowX>
          <WowWindowY>0</WowWindowY>
          <Params></Params>
        </WowSettings>
      </Settings>
    </CharacterProfile>
    <CharacterProfile>
      <Settings>
        <ProfileName>Horde-7</ProfileName>
        <IsEnabled>true</IsEnabled>
        <WowSettings>
          <CharacterName>Groml</CharacterName>
          <Faction>Horde</Faction>
          <ServerName>Thrall</ServerName>
          <Region>EU</Region>
          <WowPath>C:\World of Warcraft\Wow.exe</WowPath>
          <WowWindowWidth>320</WowWindowWidth>
          <WowWindowHeight>200</WowWindowHeight>
          <WowWindowX>0</WowWindowX>
          <WowWindowY>200</WowWindowY>
          <Params></Params>
        </WowSettings>
      </Settings>
    </CharacterProfile>
    <CharacterProfile>
      <Settings>
        <ProfileName>Horde-8</ProfileName>
        <IsEnabled>true</IsEnabled>
        <WowSettings>
          <CharacterName>Shaurm</CharacterName>
          <Faction>Horde</Faction>
          <ServerName>Blackrock</ServerName>
          <Region>EU</Region>
          <WowPath>C:\World of Warcraft\Wow.exe</WowPath>
          <WowWindowWidth>320</WowWindowWidth>
          <WowWindowHeight>200</WowWindowHeight>
          <WowWindowX>320</WowWindowX>
          <WowWindowY>200</WowWindowY>
          <Params></Params>
        </WowSettings>
      </Settings>
    </CharacterProfile>
    <CharacterProfile>
      <Settings>
        <ProfileName>Horde-9</ProfileName>
        <IsEnabled>true</IsEnabled>
        <WowSettings>
          <CharacterName>Allirm</CharacterName>
          <Faction>Horde</Faction>
          <ServerName>Stormscale</ServerName>
          <Region>EU</Region>
          <WowPath>C:\World of Warcraft\Wow.exe</WowPath>
          <WowWindowWidth>320</WowWindowWidth>
          <WowWindowHeight>200</WowWindowHeight>
          <WowWindowX>640</WowWindowX>
          <WowWindowY>200</WowWindowY>
          <Params></Params>
        </WowSettings>
      </Settings>
    </CharacterProfile>
    <CharacterProfile>
      <Settings>
        <ProfileName>Horde-10</ProfileName>
        <IsEnabled>true</IsEnabled>
        <WowSettings>
          <CharacterName>Petros</CharacterName>
          <Faction>Horde</Faction>
          <ServerName>Hyjal</ServerName>
          <Region>EU</Region>
          <WowPath>C:\World of Warcraft\Wow.exe</WowPath>
          <WowWindowWidth>320</WowWindowWidth>
          <WowWindowHeight>200</WowWindowHeight>
          <WowWindowX>960</WowWindowX>
          <WowWindowY>200</WowWindowY>
          <Params></Params>
        </WowSettings>
      </Settings>
    </CharacterProfile>
    <CharacterProfile>
      <Settings>
        <ProfileName>Horde-11</ProfileName>
        <IsEnabled>true</IsEnabled>
        <WowSettings>
          <CharacterName>Nicko</CharacterName>
          <Faction>Horde</Faction>
          <ServerName>Eredar</ServerName>
          <Region>EU</Region>
          <WowPath>C:\World of Warcraft\Wow.exe</WowPath>
          <WowWindowWidth>320</WowWindowWidth>
          <WowWindowHeight>200</WowWindowHeight>
          <WowWindowX>1280</WowWindowX>
          <WowWindowY>200</WowWindowY>
          <Params></Params>
        </WowSettings>
      </Settings>
    </CharacterProfile>
    <CharacterProfile>
      <Settings>
        <ProfileName>Horde-12</ProfileName>
        <IsEnabled>true</IsEnabled>
        <WowSettings>
          <CharacterName>Victor</CharacterName>
          <Faction>Horde</Faction>
          <ServerName>Burning Legion</ServerName>
          <Region>EU</Region>
          <WowPath>C:\World of Warcraft\Wow.exe</WowPath>
          <WowWindowWidth>320</WowWindowWidth>
          <WowWindowHeight>200</WowWindowHeight>
          <WowWindowX>1600</WowWindowX>
          <WowWindowY>200</WowWindowY>
          <Params></Params>
        </WowSettings>
      </Settings>
    </CharacterProfile>
    <CharacterProfile>
      <Settings>
        <ProfileName>Alliance-1</ProfileName>
        <IsEnabled>false</IsEnabled>
        <WowSettings>
          <CharacterName>Blood</CharacterName>
          <Faction>Alliance</Faction>
          <ServerName>Silvermoon</ServerName>
          <Region>EU</Region>
          <WowPath>C:\World of Warcraft\Wow.exe</WowPath>
          <WowWindowWidth>320</WowWindowWidth>
          <WowWindowHeight>200</WowWindowHeight>
          <WowWindowX>0</WowWindowX>
          <WowWindowY>0</WowWindowY>
          <Params></Params>
        </WowSettings>
      </Settings>
    </CharacterProfile>
    <CharacterProfile>
      <Settings>
        <ProfileName>Alliance-2</ProfileName>
        <IsEnabled>false</IsEnabled>
        <WowSettings>
          <CharacterName>Frons</CharacterName>
          <Faction>Alliance</Faction>
          <ServerName>Ravencrest</ServerName>
          <Region>EU</Region>
          <WowPath>C:\World of Warcraft\Wow.exe</WowPath>
          <WowWindowWidth>320</WowWindowWidth>
          <WowWindowHeight>200</WowWindowHeight>
          <WowWindowX>320</WowWindowX>
          <WowWindowY>0</WowWindowY>
          <Params></Params>
        </WowSettings>
      </Settings>
    </CharacterProfile>
    <CharacterProfile>
      <Settings>
        <ProfileName>Alliance-3</ProfileName>
        <IsEnabled>false</IsEnabled>
        <WowSettings>
          <CharacterName>Tlien</CharacterName>
          <Faction>Alliance</Faction>
          <ServerName>Antonidas</ServerName>
          <Region>EU</Region>
          <WowPath>C:\World of Warcraft\Wow.exe</WowPath>
          <WowWindowWidth>320</WowWindowWidth>
          <WowWindowHeight>200</WowWindowHeight>
          <WowWindowX>640</WowWindowX>
          <WowWindowY>0</WowWindowY>
          <Params></Params>
        </WowSettings>
      </Settings>
    </CharacterProfile>
    <CharacterProfile>
      <Settings>
        <ProfileName>Alliance-4</ProfileName>
        <IsEnabled>false</IsEnabled>
        <WowSettings>
          <CharacterName>Andru</CharacterName>
          <Faction>Alliance</Faction>
          <ServerName>Sylvanas</ServerName>
          <Region>EU</Region>
          <WowPath>C:\World of Warcraft\Wow.exe</WowPath>
          <WowWindowWidth>320</WowWindowWidth>
          <WowWindowHeight>200</WowWindowHeight>
          <WowWindowX>960</WowWindowX>
          <WowWindowY>0</WowWindowY>
          <Params></Params>
        </WowSettings>
      </Settings>
    </CharacterProfile>
    <CharacterProfile>
      <Settings>
        <ProfileName>Alliance-5</ProfileName>
        <IsEnabled>false</IsEnabled>
        <WowSettings>
          <CharacterName>Chack</CharacterName>
          <Faction>Alliance</Faction>
          <ServerName>Dun Modr</ServerName>
          <Region>EU</Region>
          <WowPath>C:\World of Warcraft\Wow.exe</WowPath>
          <WowWindowWidth>320</WowWindowWidth>
          <WowWindowHeight>200</WowWindowHeight>
          <WowWindowX>1280</WowWindowX>
          <WowWindowY>0</WowWindowY>
          <Params></Params>
        </WowSettings>
      </Settings>
    </CharacterProfile>
    <CharacterProfile>
      <Settings>
        <ProfileName>Alliance-6</ProfileName>
        <IsEnabled>false</IsEnabled>
        <WowSettings>
          <CharacterName>Lofu</CharacterName>
          <Faction>Alliance</Faction>
          <ServerName>Outland</ServerName>
          <Region>EU</Region>
          <WowPath>C:\World of Warcraft\Wow.exe</WowPath>
          <WowWindowWidth>320</WowWindowWidth>
          <WowWindowHeight>200</WowWindowHeight>
          <WowWindowX>1600</WowWindowX>
          <WowWindowY>0</WowWindowY>
          <Params></Params>
        </WowSettings>
      </Settings>
    </CharacterProfile>
    <CharacterProfile>
      <Settings>
        <ProfileName>Alliance-7</ProfileName>
        <IsEnabled>false</IsEnabled>
        <WowSettings>
          <CharacterName>Groml</CharacterName>
          <Faction>Alliance</Faction>
          <ServerName>Frostmane</ServerName>
          <Region>EU</Region>
          <WowPath>C:\World of Warcraft\Wow.exe</WowPath>
          <WowWindowWidth>320</WowWindowWidth>
          <WowWindowHeight>200</WowWindowHeight>
          <WowWindowX>0</WowWindowX>
          <WowWindowY>200</WowWindowY>
          <Params></Params>
        </WowSettings>
      </Settings>
    </CharacterProfile>
    <CharacterProfile>
      <Settings>
        <ProfileName>Alliance-8</ProfileName>
        <IsEnabled>false</IsEnabled>
        <WowSettings>
          <CharacterName>Shaurm</CharacterName>
          <Faction>Alliance</Faction>
          <ServerName>Aegwynn</ServerName>
          <Region>EU</Region>
          <WowPath>C:\World of Warcraft\Wow.exe</WowPath>
          <WowWindowWidth>320</WowWindowWidth>
          <WowWindowHeight>200</WowWindowHeight>
          <WowWindowX>320</WowWindowX>
          <WowWindowY>200</WowWindowY>
          <Params></Params>
        </WowSettings>
      </Settings>
    </CharacterProfile>
    <CharacterProfile>
      <Settings>
        <ProfileName>Alliance-9</ProfileName>
        <IsEnabled>false</IsEnabled>
        <WowSettings>
          <CharacterName>Allirm</CharacterName>
          <Faction>Alliance</Faction>
          <ServerName>Argent Dawn</ServerName>
          <Region>EU</Region>
          <WowPath>C:\World of Warcraft\Wow.exe</WowPath>
          <WowWindowWidth>320</WowWindowWidth>
          <WowWindowHeight>200</WowWindowHeight>
          <WowWindowX>640</WowWindowX>
          <WowWindowY>200</WowWindowY>
          <Params></Params>
        </WowSettings>
      </Settings>
    </CharacterProfile>
    <CharacterProfile>
      <Settings>
        <ProfileName>Alliance-10</ProfileName>
        <IsEnabled>false</IsEnabled>
        <WowSettings>
          <CharacterName>Petros</CharacterName>
          <Faction>Alliance</Faction>
          <ServerName>Blackmoore</ServerName>
          <Region>EU</Region>
          <WowPath>C:\World of Warcraft\Wow.exe</WowPath>
          <WowWindowWidth>320</WowWindowWidth>
          <WowWindowHeight>200</WowWindowHeight>
          <WowWindowX>960</WowWindowX>
          <WowWindowY>200</WowWindowY>
          <Params></Params>
        </WowSettings>
      </Settings>
    </CharacterProfile>
    <CharacterProfile>
      <Settings>
        <ProfileName>Alliance-11</ProfileName>
        <IsEnabled>false</IsEnabled>
        <WowSettings>
          <CharacterName>Nicko</CharacterName>
          <Faction>Alliance</Faction>
          <ServerName>Hyjal</ServerName>
          <Region>EU</Region>
          <WowPath>C:\World of Warcraft\Wow.exe</WowPath>
          <WowWindowWidth>320</WowWindowWidth>
          <WowWindowHeight>200</WowWindowHeight>
          <WowWindowX>1280</WowWindowX>
          <WowWindowY>200</WowWindowY>
          <Params></Params>
        </WowSettings>
      </Settings>
    </CharacterProfile>
    <CharacterProfile>
      <Settings>
        <ProfileName>Alliance-12</ProfileName>
        <IsEnabled>false</IsEnabled>
        <WowSettings>
          <CharacterName>Victor</CharacterName>
          <Faction>Alliance</Faction>
          <ServerName>Darksorrow</ServerName>
          <Region>EU</Region>
          <WowPath>C:\World of Warcraft\Wow.exe</WowPath>
          <WowWindowWidth>320</WowWindowWidth>
          <WowWindowHeight>200</WowWindowHeight>
          <WowWindowX>1600</WowWindowX>
          <WowWindowY>200</WowWindowY>
          <Params></Params>
        </WowSettings>
      </Settings>
    </CharacterProfile>
  </CharacterProfiles>
</BotManager>